<?xml version="1.0" encoding="UTF-8"?>
<sbml xmlns="http://www.sbml.org/sbml/level2" xmlns:celldesigner="http://www.sbml.org/2001/ns/celldesigner" level="2" version="1">
<model id="Fission_yeast_MPF_cycle">
<annotation>
<celldesigner:modelVersion>2.5</celldesigner:modelVersion>
<celldesigner:modelDisplay sizeX="985" sizeY="886"/>
<celldesigner:listOfIncludedSpecies>
<celldesigner:species id="s4" name="Cdc13">
<celldesigner:annotation>
<celldesigner:complexSpecies>s16</celldesigner:complexSpecies>
<celldesigner:speciesIdentity>
<celldesigner:class>PROTEIN</celldesigner:class>
<celldesigner:proteinReference>p2</celldesigner:proteinReference>
</celldesigner:speciesIdentity>
</celldesigner:annotation>
</celldesigner:species>
<celldesigner:species id="s9" name="Cdc2">
<celldesigner:annotation>
<celldesigner:complexSpecies>s16</celldesigner:complexSpecies>
<celldesigner:speciesIdentity>
<celldesigner:class>PROTEIN</celldesigner:class>
<celldesigner:proteinReference>p1</celldesigner:proteinReference>
</celldesigner:speciesIdentity>
</celldesigner:annotation>
</celldesigner:species>
<celldesigner:species id="s10" name="Cdc13">
<celldesigner:annotation>
<celldesigner:complexSpecies>s17</celldesigner:complexSpecies>
<celldesigner:speciesIdentity>
<celldesigner:class>PROTEIN</celldesigner:class>
<celldesigner:proteinReference>p2</celldesigner:proteinReference>
</celldesigner:speciesIdentity>
</celldesigner:annotation>
</celldesigner:species>
<celldesigner:species id="s11" name="Cdc2">
<celldesigner:annotation>
<celldesigner:complexSpecies>s17</celldesigner:complexSpecies>
<celldesigner:speciesIdentity>
<celldesigner:class>PROTEIN</celldesigner:class>
<celldesigner:proteinReference>p1</celldesigner:proteinReference>
<celldesigner:state>
<celldesigner:listOfModifications>
<celldesigner:modification residue="rs2" state="phosphorylated"/>
</celldesigner:listOfModifications>
</celldesigner:state>
</celldesigner:speciesIdentity>
</celldesigner:annotation>
</celldesigner:species>
<celldesigner:species id="s12" name="Cdc13">
<celldesigner:annotation>
<celldesigner:complexSpecies>s18</celldesigner:complexSpecies>
<celldesigner:speciesIdentity>
<celldesigner:class>PROTEIN</celldesigner:class>
<celldesigner:proteinReference>p2</celldesigner:proteinReference>
</celldesigner:speciesIdentity>
</celldesigner:annotation>
</celldesigner:species>
<celldesigner:species id="s21" name="Cdc2">
<celldesigner:annotation>
<celldesigner:complexSpecies>s18</celldesigner:complexSpecies>
<celldesigner:speciesIdentity>
<celldesigner:class>PROTEIN</celldesigner:class>
<celldesigner:proteinReference>p1</celldesigner:proteinReference>
<celldesigner:state>
<celldesigner:listOfModifications>
<celldesigner:modification residue="rs1" state="phosphorylated"/>
<celldesigner:modification residue="rs2" state="phosphorylated"/>
</celldesigner:listOfModifications>
</celldesigner:state>
</celldesigner:speciesIdentity>
</celldesigner:annotation>
</celldesigner:species>
<celldesigner:species id="s23" name="Cdc13">
<celldesigner:annotation>
<celldesigner:complexSpecies>s19</celldesigner:complexSpecies>
<celldesigner:speciesIdentity>
<celldesigner:class>PROTEIN</celldesigner:class>
<celldesigner:proteinReference>p2</celldesigner:proteinReference>
</celldesigner:speciesIdentity>
</celldesigner:annotation>
</celldesigner:species>
<celldesigner:species id="s25" name="Cdc2">
<celldesigner:annotation>
<celldesigner:complexSpecies>s19</celldesigner:complexSpecies>
<celldesigner:speciesIdentity>
<celldesigner:class>PROTEIN</celldesigner:class>
<celldesigner:proteinReference>p1</celldesigner:proteinReference>
<celldesigner:state>
<celldesigner:listOfModifications>
<celldesigner:modification residue="rs1" state="phosphorylated"/>
<celldesigner:modification residue="rs2" state="phosphorylated"/>
<celldesigner:modification residue="rs3" state="phosphorylated"/>
</celldesigner:listOfModifications>
</celldesigner:state>
</celldesigner:speciesIdentity>
</celldesigner:annotation>
</celldesigner:species>
<celldesigner:species id="s28" name="Cdc13">
<celldesigner:annotation>
<celldesigner:complexSpecies>s20</celldesigner:complexSpecies>
<celldesigner:speciesIdentity>
<celldesigner:class>PROTEIN</celldesigner:class>
<celldesigner:proteinReference>p2</celldesigner:proteinReference>
</celldesigner:speciesIdentity>
</celldesigner:annotation>
</celldesigner:species>
<celldesigner:species id="s29" name="Cdc2">
<celldesigner:annotation>
<celldesigner:complexSpecies>s20</celldesigner:complexSpecies>
<celldesigner:speciesIdentity>
<celldesigner:class>PROTEIN</celldesigner:class>
<celldesigner:proteinReference>p1</celldesigner:proteinReference>
<celldesigner:state>
<celldesigner:listOfModifications>
<celldesigner:modification residue="rs3" state="phosphorylated"/>
</celldesigner:listOfModifications>
</celldesigner:state>
</celldesigner:speciesIdentity>
</celldesigner:annotation>
</celldesigner:species>
<celldesigner:species id="s30" name="Cdc13">
<celldesigner:annotation>
<celldesigner:complexSpecies>s41</celldesigner:complexSpecies>
<celldesigner:speciesIdentity>
<celldesigner:class>PROTEIN</celldesigner:class>
<celldesigner:proteinReference>p2</celldesigner:proteinReference>
</celldesigner:speciesIdentity>
</celldesigner:annotation>
</celldesigner:species>
<celldesigner:species id="s33" name="Cdc2">
<celldesigner:annotation>
<celldesigner:complexSpecies>s41</celldesigner:complexSpecies>
<celldesigner:speciesIdentity>
<celldesigner:class>PROTEIN</celldesigner:class>
<celldesigner:proteinReference>p1</celldesigner:proteinReference>
<celldesigner:state>
<celldesigner:listOfModifications>
<celldesigner:modification residue="rs3" state="phosphorylated"/>
</celldesigner:listOfModifications>
</celldesigner:state>
</celldesigner:speciesIdentity>
</celldesigner:annotation>
</celldesigner:species>
<celldesigner:species id="s35" name="Rum1">
<celldesigner:annotation>
<celldesigner:complexSpecies>s41</celldesigner:complexSpecies>
<celldesigner:speciesIdentity>
<celldesigner:class>PROTEIN</celldesigner:class>
<celldesigner:proteinReference>p13</celldesigner:proteinReference>
</celldesigner:speciesIdentity>
</celldesigner:annotation>
</celldesigner:species>
<celldesigner:species id="s36" name="Slp1">
<celldesigner:annotation>
<celldesigner:complexSpecies>s46</celldesigner:complexSpecies>
<celldesigner:speciesIdentity>
<celldesigner:class>PROTEIN</celldesigner:class>
<celldesigner:proteinReference>p12</celldesigner:proteinReference>
</celldesigner:speciesIdentity>
</celldesigner:annotation>
</celldesigner:species>
<celldesigner:species id="s37" name="APC">
<celldesigner:annotation>
<celldesigner:complexSpecies>s46</celldesigner:complexSpecies>
<celldesigner:speciesIdentity>
<celldesigner:class>PROTEIN</celldesigner:class>
<celldesigner:proteinReference>p11</celldesigner:proteinReference>
</celldesigner:speciesIdentity>
</celldesigner:annotation>
</celldesigner:species>
</celldesigner:listOfIncludedSpecies>
<celldesigner:listOfCompartmentAliases>
<celldesigner:compartmentAlias id="ca3" compartment="c3">
<celldesigner:class>SQUARE</celldesigner:class>
<celldesigner:bounds x="3.0" y="5.0" w="979.0" h="876.0"/>
<celldesigner:doubleLine thickness="12.0" outerWidth="2.0" innerWidth="1.0"/>
<celldesigner:paint color="ffcccc00" scheme="Color"/>
</celldesigner:compartmentAlias>
</celldesigner:listOfCompartmentAliases>
<celldesigner:listOfComplexSpeciesAliases>
<celldesigner:complexSpeciesAlias id="a25" species="s16" compartmentAlias="ca3">
<celldesigner:activity>inactive</celldesigner:activity>
<celldesigner:bounds x="794.2191895613155" y="269.6660052910056" w="109.53347357825805" h="135.40411666021328"/>
<celldesigner:view state="usual"/>
<celldesigner:usualView>
<celldesigner:innerPosition x="791.2191895613155" y="264.6660052910056"/>
<celldesigner:boxSize width="109.53347357825805" height="135.40411666021328"/>
<celldesigner:singleLine width="2.0"/>
<celldesigner:paint color="ffffffff" scheme="Color"/>
</celldesigner:usualView>
<celldesigner:briefView>
<celldesigner:innerPosition x="0.0" y="0.0"/>
<celldesigner:boxSize width="80.0" height="60.0"/>
<celldesigner:singleLine width="2.0"/>
<celldesigner:paint color="ffffffff" scheme="Color"/>
</celldesigner:briefView>
</celldesigner:complexSpeciesAlias>
<celldesigner:complexSpeciesAlias id="a26" species="s17" compartmentAlias="ca3">
<celldesigner:activity>inactive</celldesigner:activity>
<celldesigner:bounds x="666.2537373730388" y="29.56699654794177" w="107.49252525392228" h="138.86600690411646"/>
<celldesigner:view state="usual"/>
<celldesigner:usualView>
<celldesigner:innerPosition x="663.2537373730388" y="24.56699654794177"/>
<celldesigner:boxSize width="107.49252525392228" height="138.86600690411646"/>
<celldesigner:singleLine width="2.0"/>
<celldesigner:paint color="ffffffff" scheme="Color"/>
</celldesigner:usualView>
<celldesigner:briefView>
<celldesigner:innerPosition x="0.0" y="0.0"/>
<celldesigner:boxSize width="80.0" height="60.0"/>
<celldesigner:singleLine width="2.0"/>
<celldesigner:paint color="ffffffff" scheme="Color"/>
</celldesigner:briefView>
</celldesigner:complexSpeciesAlias>
<celldesigner:complexSpeciesAlias id="a27" species="s18" compartmentAlias="ca3">
<celldesigner:activity>inactive</celldesigner:activity>
<celldesigner:bounds x="421.0" y="28.791005291005327" w="107.0" h="140.86600690411646"/>
<celldesigner:view state="usual"/>
<celldesigner:usualView>
<celldesigner:innerPosition x="418.0" y="23.791005291005327"/>
<celldesigner:boxSize width="107.0" height="140.86600690411646"/>
<celldesigner:singleLine width="2.0"/>
<celldesigner:paint color="ffffffff" scheme="Color"/>
</celldesigner:usualView>
<celldesigner:briefView>
<celldesigner:innerPosition x="0.0" y="0.0"/>
<celldesigner:boxSize width="80.0" height="60.0"/>
<celldesigner:singleLine width="2.0"/>
<celldesigner:paint color="ffffffff" scheme="Color"/>
</celldesigner:briefView>
</celldesigner:complexSpeciesAlias>
<celldesigner:complexSpeciesAlias id="a28" species="s19" compartmentAlias="ca3">
<celldesigner:activity>inactive</celldesigner:activity>
<celldesigner:bounds x="236.5" y="190.06699654794164" w="107.0" h="139.86600690411672"/>
<celldesigner:view state="usual"/>
<celldesigner:usualView>
<celldesigner:innerPosition x="233.5" y="185.06699654794164"/>
<celldesigner:boxSize width="107.0" height="139.86600690411672"/>
<celldesigner:singleLine width="2.0"/>
<celldesigner:paint color="ffffffff" scheme="Color"/>
</celldesigner:usualView>
<celldesigner:briefView>
<celldesigner:innerPosition x="0.0" y="0.0"/>
<celldesigner:boxSize width="80.0" height="60.0"/>
<celldesigner:singleLine width="2.0"/>
<celldesigner:paint color="ffffffff" scheme="Color"/>
</celldesigner:briefView>
</celldesigner:complexSpeciesAlias>
<celldesigner:complexSpeciesAlias id="a29" species="s20" compartmentAlias="ca3">
<celldesigner:activity>active</celldesigner:activity>
<celldesigner:bounds x="234.97779151330394" y="469.0669965479427" w="110.04441697339212" h="141.86600690411456"/>
<celldesigner:view state="usual"/>
<celldesigner:usualView>
<celldesigner:innerPosition x="231.97779151330394" y="464.0669965479427"/>
<celldesigner:boxSize width="110.04441697339212" height="141.86600690411456"/>
<celldesigner:singleLine width="2.0"/>
<celldesigner:paint color="ffffffff" scheme="Color"/>
</celldesigner:usualView>
<celldesigner:briefView>
<celldesigner:innerPosition x="0.0" y="0.0"/>
<celldesigner:boxSize width="80.0" height="60.0"/>
<celldesigner:singleLine width="2.0"/>
<celldesigner:paint color="ffffffff" scheme="Color"/>
</celldesigner:briefView>
</celldesigner:complexSpeciesAlias>
<celldesigner:complexSpeciesAlias id="a43" species="s46" compartmentAlias="ca3">
<celldesigner:activity>inactive</celldesigner:activity>
<celldesigner:bounds x="183.99999999999818" y="639.0" w="92.00000000000364" h="122.0"/>
<celldesigner:view state="usual"/>
<celldesigner:usualView>
<celldesigner:innerPosition x="180.99999999999818" y="634.0"/>
<celldesigner:boxSize width="92.00000000000364" height="122.0"/>
<celldesigner:singleLine width="2.0"/>
<celldesigner:paint color="ffffffff" scheme="Color"/>
</celldesigner:usualView>
<celldesigner:briefView>
<celldesigner:innerPosition x="0.0" y="0.0"/>
<celldesigner:boxSize width="80.0" height="60.0"/>
<celldesigner:singleLine width="2.0"/>
<celldesigner:paint color="ffffffff" scheme="Color"/>
</celldesigner:briefView>
</celldesigner:complexSpeciesAlias>
<celldesigner:complexSpeciesAlias id="a44" species="s46" compartmentAlias="ca3">
<celldesigner:activity>active</celldesigner:activity>
<celldesigner:bounds x="341.4999999999982" y="636.5" w="97.00000000000364" h="127.0"/>
<celldesigner:view state="usual"/>
<celldesigner:usualView>
<celldesigner:innerPosition x="338.4999999999982" y="631.5"/>
<celldesigner:boxSize width="97.00000000000364" height="127.0"/>
<celldesigner:singleLine width="2.0"/>
<celldesigner:paint color="ffffffff" scheme="Color"/>
</celldesigner:usualView>
<celldesigner:briefView>
<celldesigner:innerPosition x="0.0" y="0.0"/>
<celldesigner:boxSize width="80.0" height="60.0"/>
<celldesigner:singleLine width="2.0"/>
<celldesigner:paint color="ffffffff" scheme="Color"/>
</celldesigner:briefView>
</celldesigner:complexSpeciesAlias>
<celldesigner:complexSpeciesAlias id="a75" species="s41" compartmentAlias="ca3">
<celldesigner:activity>inactive</celldesigner:activity>
<celldesigner:bounds x="585.0542323249629" y="383.5669965479427" w="149.89153535007426" h="152.86600690411456"/>
<celldesigner:view state="usual"/>
<celldesigner:usualView>
<celldesigner:innerPosition x="582.0542323249629" y="378.5669965479427"/>
<celldesigner:boxSize width="149.89153535007426" height="152.86600690411456"/>
<celldesigner:singleLine width="2.0"/>
<celldesigner:paint color="ffffffff" scheme="Color"/>
</celldesigner:usualView>
<celldesigner:briefView>
<celldesigner:innerPosition x="0.0" y="0.0"/>
<celldesigner:boxSize width="80.0" height="60.0"/>
<celldesigner:singleLine width="2.0"/>
<celldesigner:paint color="ffffffff" scheme="Color"/>
</celldesigner:briefView>
</celldesigner:complexSpeciesAlias>
</celldesigner:listOfComplexSpeciesAliases>
<celldesigner:listOfSpeciesAliases>
<celldesigner:speciesAlias id="a3" species="s3" compartmentAlias="ca3">
<celldesigner:activity>active</celldesigner:activity>
<celldesigner:bounds x="560.0" y="190.0" w="80.0" h="40.0"/>
<celldesigner:view state="usual"/>
<celldesigner:usualView>
<celldesigner:innerPosition x="557.0" y="185.0"/>
<celldesigner:boxSize width="80.0" height="40.0"/>
<celldesigner:singleLine width="1.0"/>
<celldesigner:paint color="ffb3d2ff" scheme="Gradation"/>
</celldesigner:usualView>
<celldesigner:briefView>
<celldesigner:innerPosition x="0.0" y="0.0"/>
<celldesigner:boxSize width="80.0" height="60.0"/>
<celldesigner:singleLine width="1.0"/>
<celldesigner:paint color="3fff0000" scheme="Color"/>
</celldesigner:briefView>
</celldesigner:speciesAlias>
<celldesigner:speciesAlias id="a5" species="s5" compartmentAlias="ca3">
<celldesigner:activity>active</celldesigner:activity>
<celldesigner:bounds x="240.0" y="80.0" w="80.0" h="40.0"/>
<celldesigner:view state="usual"/>
<celldesigner:usualView>
<celldesigner:innerPosition x="237.0" y="75.0"/>
<celldesigner:boxSize width="80.0" height="40.0"/>
<celldesigner:singleLine width="1.0"/>
<celldesigner:paint color="fff7f7b8" scheme="Gradation"/>
</celldesigner:usualView>
<celldesigner:briefView>
<celldesigner:innerPosition x="0.0" y="0.0"/>
<celldesigner:boxSize width="80.0" height="60.0"/>
<celldesigner:singleLine width="1.0"/>
<celldesigner:paint color="3fff0000" scheme="Color"/>
</celldesigner:briefView>
</celldesigner:speciesAlias>
<celldesigner:speciesAlias id="a6" species="s6" compartmentAlias="ca3">
<celldesigner:activity>inactive</celldesigner:activity>
<celldesigner:bounds x="31.0" y="776.0" w="122.0" h="82.0"/>
<celldesigner:view state="usual"/>
<celldesigner:usualView>
<celldesigner:innerPosition x="28.0" y="771.0"/>
<celldesigner:boxSize width="122.0" height="82.0"/>
<celldesigner:singleLine width="1.0"/>
<celldesigner:paint color="ffe0bfff" scheme="Gradation"/>
</celldesigner:usualView>
<celldesigner:briefView>
<celldesigner:innerPosition x="0.0" y="0.0"/>
<celldesigner:boxSize width="80.0" height="60.0"/>
<celldesigner:singleLine width="1.0"/>
<celldesigner:paint color="3fff0000" scheme="Color"/>
</celldesigner:briefView>
</celldesigner:speciesAlias>
<celldesigner:speciesAlias id="a7" species="s26" compartmentAlias="ca3">
<celldesigner:activity>active</celldesigner:activity>
<celldesigner:bounds x="168.0" y="380.0" w="80.0" h="40.0"/>
<celldesigner:view state="usual"/>
<celldesigner:usualView>
<celldesigner:innerPosition x="165.0" y="375.0"/>
<celldesigner:boxSize width="80.0" height="40.0"/>
<celldesigner:singleLine width="1.0"/>
<celldesigner:paint color="ffffccdc" scheme="Gradation"/>
</celldesigner:usualView>
<celldesigner:briefView>
<celldesigner:innerPosition x="0.0" y="0.0"/>
<celldesigner:boxSize width="80.0" height="60.0"/>
<celldesigner:singleLine width="1.0"/>
<celldesigner:paint color="3fff0000" scheme="Color"/>
</celldesigner:briefView>
</celldesigner:speciesAlias>
<celldesigner:speciesAlias id="a8" species="s8" compartmentAlias="ca3">
<celldesigner:activity>active</celldesigner:activity>
<celldesigner:bounds x="110.0" y="320.0" w="80.0" h="40.0"/>
<celldesigner:view state="usual"/>
<celldesigner:usualView>
<celldesigner:innerPosition x="107.0" y="315.0"/>
<celldesigner:boxSize width="80.0" height="40.0"/>
<celldesigner:singleLine width="1.0"/>
<celldesigner:paint color="fffbe0a8" scheme="Gradation"/>
</celldesigner:usualView>
<celldesigner:briefView>
<celldesigner:innerPosition x="0.0" y="0.0"/>
<celldesigner:boxSize width="80.0" height="60.0"/>
<celldesigner:singleLine width="1.0"/>
<celldesigner:paint color="3fff0000" scheme="Color"/>
</celldesigner:briefView>
</celldesigner:speciesAlias>
<celldesigner:speciesAlias id="a10" species="s1" compartmentAlias="ca3">
<celldesigner:activity>inactive</celldesigner:activity>
<celldesigner:bounds x="753.0" y="553.4522247994487" w="80.0" h="45.0"/>
<celldesigner:view state="usual"/>
<celldesigner:usualView>
<celldesigner:innerPosition x="750.0" y="548.4522247994487"/>
<celldesigner:boxSize width="80.0" height="45.0"/>
<celldesigner:singleLine width="1.0"/>
<celldesigner:paint color="ffbefebe" scheme="Gradation"/>
</celldesigner:usualView>
<celldesigner:briefView>
<celldesigner:innerPosition x="0.0" y="0.0"/>
<celldesigner:boxSize width="80.0" height="60.0"/>
<celldesigner:singleLine width="1.0"/>
<celldesigner:paint color="3fff0000" scheme="Color"/>
</celldesigner:briefView>
</celldesigner:speciesAlias>
<celldesigner:speciesAlias id="a16" species="s31" compartmentAlias="ca3">
<celldesigner:activity>inactive</celldesigner:activity>
<celldesigner:bounds x="510.0" y="641.5" w="80.0" h="40.0"/>
<celldesigner:view state="usual"/>
<celldesigner:usualView>
<celldesigner:innerPosition x="507.0" y="636.5"/>
<celldesigner:boxSize width="80.0" height="40.0"/>
<celldesigner:singleLine width="1.0"/>
<celldesigner:paint color="ffe5ffcc" scheme="Gradation"/>
</celldesigner:usualView>
<celldesigner:briefView>
<celldesigner:innerPosition x="0.0" y="0.0"/>
<celldesigner:boxSize width="80.0" height="60.0"/>
<celldesigner:singleLine width="1.0"/>
<celldesigner:paint color="3fff0000" scheme="Color"/>
</celldesigner:briefView>
</celldesigner:speciesAlias>
<celldesigner:speciesAlias id="a23" species="s14" compartmentAlias="ca3">
<celldesigner:activity>inactive</celldesigner:activity>
<celldesigner:bounds x="236.0" y="795.5" w="80.0" h="40.0"/>
<celldesigner:view state="usual"/>
<celldesigner:usualView>
<celldesigner:innerPosition x="233.0" y="790.5"/>
<celldesigner:boxSize width="80.0" height="40.0"/>
<celldesigner:singleLine width="1.0"/>
<celldesigner:paint color="ffe0bfff" scheme="Gradation"/>
</celldesigner:usualView>
<celldesigner:briefView>
<celldesigner:innerPosition x="0.0" y="0.0"/>
<celldesigner:boxSize width="80.0" height="60.0"/>
<celldesigner:singleLine width="1.0"/>
<celldesigner:paint color="3fff0000" scheme="Color"/>
</celldesigner:briefView>
</celldesigner:speciesAlias>
<celldesigner:speciesAlias id="a24" species="s15" compartmentAlias="ca3">
<celldesigner:activity>inactive</celldesigner:activity>
<celldesigner:bounds x="775.0" y="800.0" w="80.0" h="30.0"/>
<celldesigner:view state="usual"/>
<celldesigner:usualView>
<celldesigner:innerPosition x="772.0" y="795.0"/>
<celldesigner:boxSize width="80.0" height="30.0"/>
<celldesigner:singleLine width="1.0"/>
<celldesigner:paint color="ffe0bfff" scheme="Color"/>
</celldesigner:usualView>
<celldesigner:briefView>
<celldesigner:innerPosition x="0.0" y="0.0"/>
<celldesigner:boxSize width="80.0" height="60.0"/>
<celldesigner:singleLine width="1.0"/>
<celldesigner:paint color="3fff0000" scheme="Color"/>
</celldesigner:briefView>
</celldesigner:speciesAlias>
<celldesigner:speciesAlias id="a32" species="s13" compartmentAlias="ca3">
<celldesigner:activity>inactive</celldesigner:activity>
<celldesigner:bounds x="509.238895756652" y="552.7964939024389" w="80.0" h="45.0"/>
<celldesigner:view state="usual"/>
<celldesigner:usualView>
<celldesigner:innerPosition x="506.238895756652" y="547.7964939024389"/>
<celldesigner:boxSize width="80.0" height="45.0"/>
<celldesigner:singleLine width="1.0"/>
<celldesigner:paint color="ffbfffc0" scheme="Gradation"/>
</celldesigner:usualView>
<celldesigner:briefView>
<celldesigner:innerPosition x="0.0" y="0.0"/>
<celldesigner:boxSize width="80.0" height="60.0"/>
<celldesigner:singleLine width="1.0"/>
<celldesigner:paint color="3fff0000" scheme="Color"/>
</celldesigner:briefView>
</celldesigner:speciesAlias>
<celldesigner:speciesAlias id="a34" species="s22" compartmentAlias="ca3">
<celldesigner:activity>inactive</celldesigner:activity>
<celldesigner:bounds x="647.0" y="646.0" w="30.0" h="30.0"/>
<celldesigner:view state="usual"/>
<celldesigner:usualView>
<celldesigner:innerPosition x="644.0" y="641.0"/>
<celldesigner:boxSize width="30.0" height="30.0"/>
<celldesigner:singleLine width="1.0"/>
<celldesigner:paint color="ffd9d7d7" scheme="Gradation"/>
</celldesigner:usualView>
<celldesigner:briefView>
<celldesigner:innerPosition x="0.0" y="0.0"/>
<celldesigner:boxSize width="80.0" height="60.0"/>
<celldesigner:singleLine width="1.0"/>
<celldesigner:paint color="3fff0000" scheme="Color"/>
</celldesigner:briefView>
</celldesigner:speciesAlias>
<celldesigner:speciesAlias id="a36" species="s24" compartmentAlias="ca3">
<celldesigner:activity>inactive</celldesigner:activity>
<celldesigner:bounds x="561.0" y="280.0" w="80.0" h="40.0"/>
<celldesigner:view state="usual"/>
<celldesigner:usualView>
<celldesigner:innerPosition x="558.0" y="275.0"/>
<celldesigner:boxSize width="80.0" height="40.0"/>
<celldesigner:singleLine width="1.0"/>
<celldesigner:paint color="ffa6caff" scheme="Gradation"/>
</celldesigner:usualView>
<celldesigner:briefView>
<celldesigner:innerPosition x="0.0" y="0.0"/>
<celldesigner:boxSize width="80.0" height="60.0"/>
<celldesigner:singleLine width="1.0"/>
<celldesigner:paint color="3fff0000" scheme="Color"/>
</celldesigner:briefView>
</celldesigner:speciesAlias>
<celldesigner:speciesAlias id="a38" species="s7" compartmentAlias="ca3">
<celldesigner:activity>inactive</celldesigner:activity>
<celldesigner:bounds x="32.5" y="380.5" w="80.0" h="40.0"/>
<celldesigner:view state="usual"/>
<celldesigner:usualView>
<celldesigner:innerPosition x="29.5" y="375.5"/>
<celldesigner:boxSize width="80.0" height="40.0"/>
<celldesigner:singleLine width="1.0"/>
<celldesigner:paint color="ffffccdc" scheme="Gradation"/>
</celldesigner:usualView>
<celldesigner:briefView>
<celldesigner:innerPosition x="0.0" y="0.0"/>
<celldesigner:boxSize width="80.0" height="60.0"/>
<celldesigner:singleLine width="1.0"/>
<celldesigner:paint color="3fff0000" scheme="Color"/>
</celldesigner:briefView>
</celldesigner:speciesAlias>
<celldesigner:speciesAlias id="a39" species="s27" compartmentAlias="ca3">
<celldesigner:activity>active</celldesigner:activity>
<celldesigner:bounds x="60.0" y="443.0" w="80.0" h="40.0"/>
<celldesigner:view state="usual"/>
<celldesigner:usualView>
<celldesigner:innerPosition x="57.0" y="438.0"/>
<celldesigner:boxSize width="80.0" height="40.0"/>
<celldesigner:singleLine width="1.0"/>
<celldesigner:paint color="fffec5c5" scheme="Gradation"/>
</celldesigner:usualView>
<celldesigner:briefView>
<celldesigner:innerPosition x="0.0" y="0.0"/>
<celldesigner:boxSize width="80.0" height="60.0"/>
<celldesigner:singleLine width="1.0"/>
<celldesigner:paint color="3fff0000" scheme="Color"/>
</celldesigner:briefView>
</celldesigner:speciesAlias>
<celldesigner:speciesAlias id="a40" species="s2" compartmentAlias="ca3">
<celldesigner:activity>inactive</celldesigner:activity>
<celldesigner:bounds x="867.0" y="556.5" w="80.0" h="40.0"/>
<celldesigner:view state="usual"/>
<celldesigner:usualView>
<celldesigner:innerPosition x="864.0" y="551.5"/>
<celldesigner:boxSize width="80.0" height="40.0"/>
<celldesigner:singleLine width="1.0"/>
<celldesigner:paint color="ffe5ffcc" scheme="Gradation"/>
</celldesigner:usualView>
<celldesigner:briefView>
<celldesigner:innerPosition x="0.0" y="0.0"/>
<celldesigner:boxSize width="80.0" height="60.0"/>
<celldesigner:singleLine width="1.0"/>
<celldesigner:paint color="3fff0000" scheme="Color"/>
</celldesigner:briefView>
</celldesigner:speciesAlias>
<celldesigner:speciesAlias id="a49" species="s34" compartmentAlias="ca3">
<celldesigner:activity>inactive</celldesigner:activity>
<celldesigner:bounds x="456.0" y="334.5" w="48.0" h="51.0"/>
<celldesigner:view state="usual"/>
<celldesigner:usualView>
<celldesigner:innerPosition x="453.0" y="329.5"/>
<celldesigner:boxSize width="48.0" height="51.0"/>
<celldesigner:singleLine width="1.0"/>
<celldesigner:paint color="ffb3e5ff" scheme="Gradation"/>
</celldesigner:usualView>
<celldesigner:briefView>
<celldesigner:innerPosition x="0.0" y="0.0"/>
<celldesigner:boxSize width="80.0" height="60.0"/>
<celldesigner:singleLine width="1.0"/>
<celldesigner:paint color="3fff0000" scheme="Color"/>
</celldesigner:briefView>
</celldesigner:speciesAlias>
<celldesigner:speciesAlias id="a50" species="s32" compartmentAlias="ca3">
<celldesigner:activity>active</celldesigner:activity>
<celldesigner:bounds x="456.0" y="430.5" w="48.0" h="59.0"/>
<celldesigner:view state="usual"/>
<celldesigner:usualView>
<celldesigner:innerPosition x="453.0" y="425.5"/>
<celldesigner:boxSize width="48.0" height="59.0"/>
<celldesigner:singleLine width="1.0"/>
<celldesigner:paint color="ffb3e5ff" scheme="Gradation"/>
</celldesigner:usualView>
<celldesigner:briefView>
<celldesigner:innerPosition x="0.0" y="0.0"/>
<celldesigner:boxSize width="80.0" height="60.0"/>
<celldesigner:singleLine width="1.0"/>
<celldesigner:paint color="3fff0000" scheme="Color"/>
</celldesigner:briefView>
</celldesigner:speciesAlias>
<celldesigner:speciesAlias id="a65" species="s39" compartmentAlias="ca3">
<celldesigner:activity>inactive</celldesigner:activity>
<celldesigner:bounds x="465.0" y="275.0" w="30.0" h="30.0"/>
<celldesigner:view state="usual"/>
<celldesigner:usualView>
<celldesigner:innerPosition x="462.0" y="270.0"/>
<celldesigner:boxSize width="30.0" height="30.0"/>
<celldesigner:singleLine width="1.0"/>
<celldesigner:paint color="ffd9d7d7" scheme="Gradation"/>
</celldesigner:usualView>
<celldesigner:briefView>
<celldesigner:innerPosition x="0.0" y="0.0"/>
<celldesigner:boxSize width="80.0" height="60.0"/>
<celldesigner:singleLine width="1.0"/>
<celldesigner:paint color="3fff0000" scheme="Color"/>
</celldesigner:briefView>
</celldesigner:speciesAlias>
<celldesigner:speciesAlias id="sa1" species="s4" complexSpeciesAlias="a25">
<celldesigner:activity>inactive</celldesigner:activity>
<celldesigner:bounds x="807.7526631395735" y="282.375" w="80.0" h="40.0"/>
<celldesigner:view state="usual"/>
<celldesigner:usualView>
<celldesigner:innerPosition x="13.533473578258054" y="12.708994708994396"/>
<celldesigner:boxSize width="80.0" height="40.0"/>
<celldesigner:singleLine width="1.0"/>
<celldesigner:paint color="ffe5ffcc" scheme="Gradation"/>
</celldesigner:usualView>
<celldesigner:briefView>
<celldesigner:innerPosition x="0.0" y="0.0"/>
<celldesigner:boxSize width="0.0" height="0.0"/>
<celldesigner:singleLine width="1.0"/>
<celldesigner:paint color="3fff0000" scheme="Color"/>
</celldesigner:briefView>
</celldesigner:speciesAlias>
<celldesigner:speciesAlias id="sa2" species="s9" complexSpeciesAlias="a25">
<celldesigner:activity>inactive</celldesigner:activity>
<celldesigner:bounds x="808.2191895613155" y="322.375" w="80.0" h="40.0"/>
<celldesigner:view state="usual"/>
<celldesigner:usualView>
<celldesigner:innerPosition x="14.0" y="52.708994708994396"/>
<celldesigner:boxSize width="80.0" height="40.0"/>
<celldesigner:singleLine width="1.0"/>
<celldesigner:paint color="ffbefebe" scheme="Gradation"/>
</celldesigner:usualView>
<celldesigner:briefView>
<celldesigner:innerPosition x="0.0" y="0.0"/>
<celldesigner:boxSize width="0.0" height="0.0"/>
<celldesigner:singleLine width="1.0"/>
<celldesigner:paint color="3fff0000" scheme="Color"/>
</celldesigner:briefView>
</celldesigner:speciesAlias>
<celldesigner:speciesAlias id="sa3" species="s10" complexSpeciesAlias="a26">
<celldesigner:activity>inactive</celldesigner:activity>
<celldesigner:bounds x="680.7462626269611" y="42.27599125693644" w="80.0" h="40.0"/>
<celldesigner:view state="usual"/>
<celldesigner:usualView>
<celldesigner:innerPosition x="14.492525253922281" y="12.708994708994673"/>
<celldesigner:boxSize width="80.0" height="40.0"/>
<celldesigner:singleLine width="1.0"/>
<celldesigner:paint color="ffe5ffcc" scheme="Gradation"/>
</celldesigner:usualView>
<celldesigner:briefView>
<celldesigner:innerPosition x="0.0" y="0.0"/>
<celldesigner:boxSize width="0.0" height="0.0"/>
<celldesigner:singleLine width="1.0"/>
<celldesigner:paint color="3fff0000" scheme="Color"/>
</celldesigner:briefView>
</celldesigner:speciesAlias>
<celldesigner:speciesAlias id="sa4" species="s11" complexSpeciesAlias="a26">
<celldesigner:activity>inactive</celldesigner:activity>
<celldesigner:bounds x="680.2537373730388" y="81.77599125693644" w="80.0" h="45.0"/>
<celldesigner:view state="usual"/>
<celldesigner:usualView>
<celldesigner:innerPosition x="14.0" y="52.208994708994666"/>
<celldesigner:boxSize width="80.0" height="45.0"/>
<celldesigner:singleLine width="1.0"/>
<celldesigner:paint color="ffbfffc0" scheme="Gradation"/>
</celldesigner:usualView>
<celldesigner:briefView>
<celldesigner:innerPosition x="0.0" y="0.0"/>
<celldesigner:boxSize width="0.0" height="0.0"/>
<celldesigner:singleLine width="1.0"/>
<celldesigner:paint color="3fff0000" scheme="Color"/>
</celldesigner:briefView>
</celldesigner:speciesAlias>
<celldesigner:speciesAlias id="sa5" species="s12" complexSpeciesAlias="a27">
<celldesigner:activity>inactive</celldesigner:activity>
<celldesigner:bounds x="435.0" y="41.5" w="80.0" h="40.0"/>
<celldesigner:view state="usual"/>
<celldesigner:usualView>
<celldesigner:innerPosition x="14.0" y="12.708994708994673"/>
<celldesigner:boxSize width="80.0" height="40.0"/>
<celldesigner:singleLine width="1.0"/>
<celldesigner:paint color="ffe5ffcc" scheme="Gradation"/>
</celldesigner:usualView>
<celldesigner:briefView>
<celldesigner:innerPosition x="0.0" y="0.0"/>
<celldesigner:boxSize width="0.0" height="0.0"/>
<celldesigner:singleLine width="1.0"/>
<celldesigner:paint color="3fff0000" scheme="Color"/>
</celldesigner:briefView>
</celldesigner:speciesAlias>
<celldesigner:speciesAlias id="sa6" species="s21" complexSpeciesAlias="a27">
<celldesigner:activity>inactive</celldesigner:activity>
<celldesigner:bounds x="435.0" y="81.0" w="80.0" h="45.0"/>
<celldesigner:view state="usual"/>
<celldesigner:usualView>
<celldesigner:innerPosition x="14.0" y="52.20899470899467"/>
<celldesigner:boxSize width="80.0" height="45.0"/>
<celldesigner:singleLine width="1.0"/>
<celldesigner:paint color="ffbfffc0" scheme="Gradation"/>
</celldesigner:usualView>
<celldesigner:briefView>
<celldesigner:innerPosition x="0.0" y="0.0"/>
<celldesigner:boxSize width="0.0" height="0.0"/>
<celldesigner:singleLine width="1.0"/>
<celldesigner:paint color="3fff0000" scheme="Color"/>
</celldesigner:briefView>
</celldesigner:speciesAlias>
<celldesigner:speciesAlias id="sa7" species="s23" complexSpeciesAlias="a28">
<celldesigner:activity>inactive</celldesigner:activity>
<celldesigner:bounds x="250.5" y="202.77599125693604" w="80.0" h="40.0"/>
<celldesigner:view state="usual"/>
<celldesigner:usualView>
<celldesigner:innerPosition x="14.0" y="12.708994708994396"/>
<celldesigner:boxSize width="80.0" height="40.0"/>
<celldesigner:singleLine width="1.0"/>
<celldesigner:paint color="ffe5ffcc" scheme="Gradation"/>
</celldesigner:usualView>
<celldesigner:briefView>
<celldesigner:innerPosition x="0.0" y="0.0"/>
<celldesigner:boxSize width="0.0" height="0.0"/>
<celldesigner:singleLine width="1.0"/>
<celldesigner:paint color="3fff0000" scheme="Color"/>
</celldesigner:briefView>
</celldesigner:speciesAlias>
<celldesigner:speciesAlias id="sa8" species="s25" complexSpeciesAlias="a28">
<celldesigner:activity>inactive</celldesigner:activity>
<celldesigner:bounds x="250.5" y="242.27599125693604" w="80.0" h="45.0"/>
<celldesigner:view state="usual"/>
<celldesigner:usualView>
<celldesigner:innerPosition x="14.0" y="52.208994708994396"/>
<celldesigner:boxSize width="80.0" height="45.0"/>
<celldesigner:singleLine width="1.0"/>
<celldesigner:paint color="ffbfffc0" scheme="Gradation"/>
</celldesigner:usualView>
<celldesigner:briefView>
<celldesigner:innerPosition x="0.0" y="0.0"/>
<celldesigner:boxSize width="0.0" height="0.0"/>
<celldesigner:singleLine width="1.0"/>
<celldesigner:paint color="3fff0000" scheme="Color"/>
</celldesigner:briefView>
</celldesigner:speciesAlias>
<celldesigner:speciesAlias id="sa9" species="s28" complexSpeciesAlias="a29">
<celldesigner:activity>inactive</celldesigner:activity>
<celldesigner:bounds x="250.02220848669606" y="483.7759912569371" w="80.0" h="40.0"/>
<celldesigner:view state="usual"/>
<celldesigner:usualView>
<celldesigner:innerPosition x="15.044416973392117" y="14.708994708994396"/>
<celldesigner:boxSize width="80.0" height="40.0"/>
<celldesigner:singleLine width="1.0"/>
<celldesigner:paint color="ffe5ffcc" scheme="Gradation"/>
</celldesigner:usualView>
<celldesigner:briefView>
<celldesigner:innerPosition x="0.0" y="0.0"/>
<celldesigner:boxSize width="0.0" height="0.0"/>
<celldesigner:singleLine width="1.0"/>
<celldesigner:paint color="3fff0000" scheme="Color"/>
</celldesigner:briefView>
</celldesigner:speciesAlias>
<celldesigner:speciesAlias id="sa10" species="s29" complexSpeciesAlias="a29">
<celldesigner:activity>inactive</celldesigner:activity>
<celldesigner:bounds x="250.97779151330394" y="523.2759912569371" w="80.0" h="45.0"/>
<celldesigner:view state="usual"/>
<celldesigner:usualView>
<celldesigner:innerPosition x="16.0" y="54.208994708994396"/>
<celldesigner:boxSize width="80.0" height="45.0"/>
<celldesigner:singleLine width="1.0"/>
<celldesigner:paint color="ffbfffc0" scheme="Gradation"/>
</celldesigner:usualView>
<celldesigner:briefView>
<celldesigner:innerPosition x="0.0" y="0.0"/>
<celldesigner:boxSize width="0.0" height="0.0"/>
<celldesigner:singleLine width="1.0"/>
<celldesigner:paint color="3fff0000" scheme="Color"/>
</celldesigner:briefView>
</celldesigner:speciesAlias>
<celldesigner:speciesAlias id="sa11" species="s36" complexSpeciesAlias="a43">
<celldesigner:activity>inactive</celldesigner:activity>
<celldesigner:bounds x="189.99999999999818" y="645.0" w="80.0" h="40.0"/>
<celldesigner:view state="usual"/>
<celldesigner:usualView>
<celldesigner:innerPosition x="6.0" y="6.0"/>
<celldesigner:boxSize width="80.0" height="40.0"/>
<celldesigner:singleLine width="1.0"/>
<celldesigner:paint color="ffd2fbfb" scheme="Gradation"/>
</celldesigner:usualView>
<celldesigner:briefView>
<celldesigner:innerPosition x="0.0" y="0.0"/>
<celldesigner:boxSize width="0.0" height="0.0"/>
<celldesigner:singleLine width="1.0"/>
<celldesigner:paint color="3fff0000" scheme="Color"/>
</celldesigner:briefView>
</celldesigner:speciesAlias>
<celldesigner:speciesAlias id="sa12" species="s37" complexSpeciesAlias="a43">
<celldesigner:activity>inactive</celldesigner:activity>
<celldesigner:bounds x="191.00000000000182" y="685.0" w="80.0" h="40.0"/>
<celldesigner:view state="usual"/>
<celldesigner:usualView>
<celldesigner:innerPosition x="7.000000000003638" y="46.0"/>
<celldesigner:boxSize width="80.0" height="40.0"/>
<celldesigner:singleLine width="1.0"/>
<celldesigner:paint color="ffd0d0ff" scheme="Gradation"/>
</celldesigner:usualView>
<celldesigner:briefView>
<celldesigner:innerPosition x="0.0" y="0.0"/>
<celldesigner:boxSize width="0.0" height="0.0"/>
<celldesigner:singleLine width="1.0"/>
<celldesigner:paint color="3fff0000" scheme="Color"/>
</celldesigner:briefView>
</celldesigner:speciesAlias>
<celldesigner:speciesAlias id="sa13" species="s36" complexSpeciesAlias="a44">
<celldesigner:activity>inactive</celldesigner:activity>
<celldesigner:bounds x="349.4999999999982" y="644.5" w="80.0" h="40.0"/>
<celldesigner:view state="usual"/>
<celldesigner:usualView>
<celldesigner:innerPosition x="8.0" y="8.0"/>
<celldesigner:boxSize width="80.0" height="40.0"/>
<celldesigner:singleLine width="1.0"/>
<celldesigner:paint color="ffd2fbfb" scheme="Gradation"/>
</celldesigner:usualView>
<celldesigner:briefView>
<celldesigner:innerPosition x="0.0" y="0.0"/>
<celldesigner:boxSize width="0.0" height="0.0"/>
<celldesigner:singleLine width="1.0"/>
<celldesigner:paint color="3fff0000" scheme="Color"/>
</celldesigner:briefView>
</celldesigner:speciesAlias>
<celldesigner:speciesAlias id="sa14" species="s37" complexSpeciesAlias="a44">
<celldesigner:activity>inactive</celldesigner:activity>
<celldesigner:bounds x="350.5000000000018" y="684.5" w="80.0" h="40.0"/>
<celldesigner:view state="usual"/>
<celldesigner:usualView>
<celldesigner:innerPosition x="9.000000000003638" y="48.0"/>
<celldesigner:boxSize width="80.0" height="40.0"/>
<celldesigner:singleLine width="1.0"/>
<celldesigner:paint color="ffd0d0ff" scheme="Gradation"/>
</celldesigner:usualView>
<celldesigner:briefView>
<celldesigner:innerPosition x="0.0" y="0.0"/>
<celldesigner:boxSize width="0.0" height="0.0"/>
<celldesigner:singleLine width="1.0"/>
<celldesigner:paint color="3fff0000" scheme="Color"/>
</celldesigner:briefView>
</celldesigner:speciesAlias>
<celldesigner:speciesAlias id="sa15" species="s30" complexSpeciesAlias="a75">
<celldesigner:activity>inactive</celldesigner:activity>
<celldesigner:bounds x="599.106615569404" y="396.2759912569371" w="80.0" h="40.0"/>
<celldesigner:view state="usual"/>
<celldesigner:usualView>
<celldesigner:innerPosition x="14.052383244441103" y="12.708994708994396"/>
<celldesigner:boxSize width="80.0" height="40.0"/>
<celldesigner:singleLine width="1.0"/>
<celldesigner:paint color="ffe5ffcc" scheme="Gradation"/>
</celldesigner:usualView>
<celldesigner:briefView>
<celldesigner:innerPosition x="0.0" y="0.0"/>
<celldesigner:boxSize width="0.0" height="0.0"/>
<celldesigner:singleLine width="1.0"/>
<celldesigner:paint color="3fff0000" scheme="Color"/>
</celldesigner:briefView>
</celldesigner:speciesAlias>
<celldesigner:speciesAlias id="sa16" species="s33" complexSpeciesAlias="a75">
<celldesigner:activity>inactive</celldesigner:activity>
<celldesigner:bounds x="599.0542323249629" y="435.7759912569371" w="80.0" h="45.0"/>
<celldesigner:view state="usual"/>
<celldesigner:usualView>
<celldesigner:innerPosition x="14.0" y="52.208994708994396"/>
<celldesigner:boxSize width="80.0" height="45.0"/>
<celldesigner:singleLine width="1.0"/>
<celldesigner:paint color="ffbfffc0" scheme="Gradation"/>
</celldesigner:usualView>
<celldesigner:briefView>
<celldesigner:innerPosition x="0.0" y="0.0"/>
<celldesigner:boxSize width="0.0" height="0.0"/>
<celldesigner:singleLine width="1.0"/>
<celldesigner:paint color="3fff0000" scheme="Color"/>
</celldesigner:briefView>
</celldesigner:speciesAlias>
<celldesigner:speciesAlias id="sa17" species="s35" complexSpeciesAlias="a75">
<celldesigner:activity>active</celldesigner:activity>
<celldesigner:bounds x="683.0804239471834" y="397.30380242469437" w="36.0" h="83.0"/>
<celldesigner:view state="usual"/>
<celldesigner:usualView>
<celldesigner:innerPosition x="98.0261916222205" y="13.736805876751646"/>
<celldesigner:boxSize width="36.0" height="83.0"/>
<celldesigner:singleLine width="1.0"/>
<celldesigner:paint color="ffb3e5ff" scheme="Gradation"/>
</celldesigner:usualView>
<celldesigner:briefView>
<celldesigner:innerPosition x="0.0" y="0.0"/>
<celldesigner:boxSize width="0.0" height="0.0"/>
<celldesigner:singleLine width="1.0"/>
<celldesigner:paint color="3fff0000" scheme="Color"/>
</celldesigner:briefView>
</celldesigner:speciesAlias>
</celldesigner:listOfSpeciesAliases>
<celldesigner:listOfGroups/>
<celldesigner:listOfProteins>
<celldesigner:protein id="p5" name="CAK" type="GENERIC"/>
<celldesigner:protein id="p8" name="PP2A" type="GENERIC"/>
<celldesigner:protein id="p1" name="Cdc2" type="GENERIC">
<celldesigner:listOfModificationResidues>
<celldesigner:modificationResidue angle="2.476222116492287" id="rs1" name="Thr14" side="none"/>
<celldesigner:modificationResidue angle="3.89966011166755" id="rs2" name="Tyr15" side="none"/>
<celldesigner:modificationResidue angle="5.470067208603405" id="rs3" name="Thr167" side="none"/>
</celldesigner:listOfModificationResidues>
</celldesigner:protein>
<celldesigner:protein id="p6" name="Lamin" type="GENERIC">
<celldesigner:listOfModificationResidues>
<celldesigner:modificationResidue angle="3.14" id="rs1" name="" side="none"/>
</celldesigner:listOfModificationResidues>
</celldesigner:protein>
<celldesigner:protein id="p7" name="Cdc25" type="GENERIC">
<celldesigner:listOfModificationResidues>
<celldesigner:modificationResidue angle="3.141592653589793" id="rs1" name="" side="none"/>
</celldesigner:listOfModificationResidues>
</celldesigner:protein>
<celldesigner:protein id="p3" name="Wee1" type="GENERIC">
<celldesigner:listOfModificationResidues>
<celldesigner:modificationResidue angle="3.141592653589793" id="rs1" name="" side="none"/>
</celldesigner:listOfModificationResidues>
</celldesigner:protein>
<celldesigner:protein id="p10" name="Plo1" type="GENERIC"/>
<celldesigner:protein id="p11" name="APC" type="GENERIC"/>
<celldesigner:protein id="p12" name="Slp1" type="GENERIC"/>
<celldesigner:protein id="p2" name="Cdc13" type="GENERIC">
<celldesigner:listOfModificationResidues>
<celldesigner:modificationResidue angle="0.7535389786388216" id="rs1" name="" side="none"/>
</celldesigner:listOfModificationResidues>
</celldesigner:protein>
<celldesigner:protein id="p13" name="Rum1" type="GENERIC">
<celldesigner:listOfModificationResidues>
<celldesigner:modificationResidue angle="0.8700979653324673" id="rs1" name="" side="none"/>
</celldesigner:listOfModificationResidues>
</celldesigner:protein>
</celldesigner:listOfProteins>
<celldesigner:listOfGenes/>
<celldesigner:listOfRNAs/>
<celldesigner:listOfAntisenseRNAs/>
<celldesigner:listOfBlockDiagrams>
</celldesigner:listOfBlockDiagrams>
</annotation>
<listOfCompartments>
<compartment id="default"/>
<compartment id="c3" name="cell" outside="default">
<annotation>
<celldesigner:name>cell</celldesigner:name>
</annotation>
</compartment>
</listOfCompartments>
<listOfSpecies>
<species id="s5" name="CAK" compartment="c3" initialAmount="0">
<annotation>
<celldesigner:positionToCompartment>inside</celldesigner:positionToCompartment>
<celldesigner:speciesIdentity>
<celldesigner:class>PROTEIN</celldesigner:class>
<celldesigner:proteinReference>p5</celldesigner:proteinReference>
</celldesigner:speciesIdentity>
<celldesigner:listOfCatalyzedReactions>
<celldesigner:catalyzed reaction="re4"/>
</celldesigner:listOfCatalyzedReactions>
</annotation>
</species>
<species id="s8" name="PP2A" compartment="c3" initialAmount="0">
<annotation>
<celldesigner:positionToCompartment>inside</celldesigner:positionToCompartment>
<celldesigner:speciesIdentity>
<celldesigner:class>PROTEIN</celldesigner:class>
<celldesigner:proteinReference>p8</celldesigner:proteinReference>
</celldesigner:speciesIdentity>
<celldesigner:listOfCatalyzedReactions>
<celldesigner:catalyzed reaction="re16"/>
</celldesigner:listOfCatalyzedReactions>
</annotation>
</species>
<species id="s1" name="Cdc2" compartment="c3" initialAmount="0">
<annotation>
<celldesigner:positionToCompartment>inside</celldesigner:positionToCompartment>
<celldesigner:speciesIdentity>
<celldesigner:class>PROTEIN</celldesigner:class>
<celldesigner:proteinReference>p1</celldesigner:proteinReference>
</celldesigner:speciesIdentity>
</annotation>
</species>
<species id="s6" name="Lamin" compartment="c3" initialAmount="0">
<annotation>
<celldesigner:positionToCompartment>inside</celldesigner:positionToCompartment>
<celldesigner:speciesIdentity>
<celldesigner:class>PROTEIN</celldesigner:class>
<celldesigner:proteinReference>p6</celldesigner:proteinReference>
<celldesigner:state>
<celldesigner:homodimer>8</celldesigner:homodimer>
</celldesigner:state>
</celldesigner:speciesIdentity>
</annotation>
</species>
<species id="s14" name="Lamin" compartment="c3" initialAmount="0">
<annotation>
<celldesigner:positionToCompartment>inside</celldesigner:positionToCompartment>
<celldesigner:speciesIdentity>
<celldesigner:class>PROTEIN</celldesigner:class>
<celldesigner:proteinReference>p6</celldesigner:proteinReference>
<celldesigner:state>
<celldesigner:listOfModifications>
<celldesigner:modification residue="rs1" state="phosphorylated"/>
</celldesigner:listOfModifications>
</celldesigner:state>
</celldesigner:speciesIdentity>
</annotation>
</species>
<species id="s15" name="M-Phase" compartment="c3" initialAmount="0">
<annotation>
<celldesigner:positionToCompartment>inside</celldesigner:positionToCompartment>
<celldesigner:speciesIdentity>
<celldesigner:class>PHENOTYPE</celldesigner:class>
<celldesigner:name>M-Phase</celldesigner:name>
</celldesigner:speciesIdentity>
</annotation>
</species>
<species id="s7" name="Cdc25" compartment="c3" initialAmount="0">
<annotation>
<celldesigner:positionToCompartment>inside</celldesigner:positionToCompartment>
<celldesigner:speciesIdentity>
<celldesigner:class>PROTEIN</celldesigner:class>
<celldesigner:proteinReference>p7</celldesigner:proteinReference>
</celldesigner:speciesIdentity>
</annotation>
</species>
<species id="s13" name="Cdc2" compartment="c3" initialAmount="0">
<annotation>
<celldesigner:positionToCompartment>inside</celldesigner:positionToCompartment>
<celldesigner:speciesIdentity>
<celldesigner:class>PROTEIN</celldesigner:class>
<celldesigner:proteinReference>p1</celldesigner:proteinReference>
<celldesigner:state>
<celldesigner:listOfModifications>
<celldesigner:modification residue="rs3" state="phosphorylated"/>
</celldesigner:listOfModifications>
</celldesigner:state>
</celldesigner:speciesIdentity>
</annotation>
</species>
<species id="s22" name="a16_degraded" compartment="c3" initialAmount="0">
<annotation>
<celldesigner:positionToCompartment>inside</celldesigner:positionToCompartment>
<celldesigner:speciesIdentity>
<celldesigner:class>DEGRADED</celldesigner:class>
<celldesigner:name>a16_degraded</celldesigner:name>
</celldesigner:speciesIdentity>
</annotation>
</species>
<species id="s3" name="Wee1" compartment="c3" initialAmount="0">
<annotation>
<celldesigner:positionToCompartment>inside</celldesigner:positionToCompartment>
<celldesigner:speciesIdentity>
<celldesigner:class>PROTEIN</celldesigner:class>
<celldesigner:proteinReference>p3</celldesigner:proteinReference>
</celldesigner:speciesIdentity>
<celldesigner:listOfCatalyzedReactions>
<celldesigner:catalyzed reaction="re2"/>
<celldesigner:catalyzed reaction="re3"/>
</celldesigner:listOfCatalyzedReactions>
</annotation>
</species>
<species id="s24" name="Wee1" compartment="c3" initialAmount="0">
<annotation>
<celldesigner:positionToCompartment>inside</celldesigner:positionToCompartment>
<celldesigner:speciesIdentity>
<celldesigner:class>PROTEIN</celldesigner:class>
<celldesigner:proteinReference>p3</celldesigner:proteinReference>
<celldesigner:state>
<celldesigner:listOfModifications>
<celldesigner:modification residue="rs1" state="phosphorylated"/>
</celldesigner:listOfModifications>
</celldesigner:state>
</celldesigner:speciesIdentity>
</annotation>
</species>
<species id="s26" name="Cdc25" compartment="c3" initialAmount="0">
<annotation>
<celldesigner:positionToCompartment>inside</celldesigner:positionToCompartment>
<celldesigner:speciesIdentity>
<celldesigner:class>PROTEIN</celldesigner:class>
<celldesigner:proteinReference>p7</celldesigner:proteinReference>
<celldesigner:state>
<celldesigner:listOfModifications>
<celldesigner:modification residue="rs1" state="phosphorylated"/>
</celldesigner:listOfModifications>
</celldesigner:state>
</celldesigner:speciesIdentity>
<celldesigner:listOfCatalyzedReactions>
<celldesigner:catalyzed reaction="re5"/>
</celldesigner:listOfCatalyzedReactions>
</annotation>
</species>
<species id="s27" name="Plo1" compartment="c3" initialAmount="0">
<annotation>
<celldesigner:positionToCompartment>inside</celldesigner:positionToCompartment>
<celldesigner:speciesIdentity>
<celldesigner:class>PROTEIN</celldesigner:class>
<celldesigner:proteinReference>p10</celldesigner:proteinReference>
</celldesigner:speciesIdentity>
<celldesigner:listOfCatalyzedReactions>
<celldesigner:catalyzed reaction="re15"/>
</celldesigner:listOfCatalyzedReactions>
</annotation>
</species>
<species id="s2" name="Cdc13" compartment="c3" initialAmount="0">
<annotation>
<celldesigner:positionToCompartment>inside</celldesigner:positionToCompartment>
<celldesigner:speciesIdentity>
<celldesigner:class>PROTEIN</celldesigner:class>
<celldesigner:proteinReference>p2</celldesigner:proteinReference>
</celldesigner:speciesIdentity>
</annotation>
</species>
<species id="s16" name="Complex_br_(Cdc13/Cdc2)" compartment="c3" initialAmount="0">
<annotation>
<celldesigner:positionToCompartment>inside</celldesigner:positionToCompartment>
<celldesigner:speciesIdentity>
<celldesigner:class>COMPLEX</celldesigner:class>
<celldesigner:name>Complex_br_(Cdc13/Cdc2)</celldesigner:name>
</celldesigner:speciesIdentity>
</annotation>
</species>
<species id="s17" name="Complex_br_(Cdc13/Cdc2)" compartment="c3" initialAmount="0">
<annotation>
<celldesigner:positionToCompartment>inside</celldesigner:positionToCompartment>
<celldesigner:speciesIdentity>
<celldesigner:class>COMPLEX</celldesigner:class>
<celldesigner:name>Complex_br_(Cdc13/Cdc2)</celldesigner:name>
</celldesigner:speciesIdentity>
</annotation>
</species>
<species id="s18" name="Complex_br_(Cdc13/Cdc2)" compartment="c3" initialAmount="0">
<annotation>
<celldesigner:positionToCompartment>inside</celldesigner:positionToCompartment>
<celldesigner:speciesIdentity>
<celldesigner:class>COMPLEX</celldesigner:class>
<celldesigner:name>Complex_br_(Cdc13/Cdc2)</celldesigner:name>
</celldesigner:speciesIdentity>
</annotation>
</species>
<species id="s19" name="Complex_br_(Cdc13/Cdc2)" compartment="c3" initialAmount="0">
<annotation>
<celldesigner:positionToCompartment>inside</celldesigner:positionToCompartment>
<celldesigner:speciesIdentity>
<celldesigner:class>COMPLEX</celldesigner:class>
<celldesigner:name>Complex_br_(Cdc13/Cdc2)</celldesigner:name>
</celldesigner:speciesIdentity>
</annotation>
</species>
<species id="s20" name="Complex_br_(Cdc13/Cdc2)" compartment="c3" initialAmount="0">
<annotation>
<celldesigner:positionToCompartment>inside</celldesigner:positionToCompartment>
<celldesigner:speciesIdentity>
<celldesigner:class>COMPLEX</celldesigner:class>
<celldesigner:name>Complex_br_(Cdc13/Cdc2)</celldesigner:name>
</celldesigner:speciesIdentity>
<celldesigner:listOfCatalyzedReactions>
<celldesigner:catalyzed reaction="re6"/>
<celldesigner:catalyzed reaction="re14"/>
<celldesigner:catalyzed reaction="re15"/>
<celldesigner:catalyzed reaction="re18"/>
<celldesigner:catalyzed reaction="re20"/>
</celldesigner:listOfCatalyzedReactions>
</annotation>
</species>
<species id="s31" name="Cdc13" compartment="c3" initialAmount="0">
<annotation>
<celldesigner:positionToCompartment>inside</celldesigner:positionToCompartment>
<celldesigner:speciesIdentity>
<celldesigner:class>PROTEIN</celldesigner:class>
<celldesigner:proteinReference>p2</celldesigner:proteinReference>
<celldesigner:state>
<celldesigner:listOfModifications>
<celldesigner:modification residue="rs1" state="ubiquitinated"/>
</celldesigner:listOfModifications>
</celldesigner:state>
</celldesigner:speciesIdentity>
</annotation>
</species>
<species id="s32" name="Rum1" compartment="c3" initialAmount="0">
<annotation>
<celldesigner:positionToCompartment>inside</celldesigner:positionToCompartment>
<celldesigner:speciesIdentity>
<celldesigner:class>PROTEIN</celldesigner:class>
<celldesigner:proteinReference>p13</celldesigner:proteinReference>
</celldesigner:speciesIdentity>
</annotation>
</species>
<species id="s34" name="Rum1" compartment="c3" initialAmount="0">
<annotation>
<celldesigner:positionToCompartment>inside</celldesigner:positionToCompartment>
<celldesigner:speciesIdentity>
<celldesigner:class>PROTEIN</celldesigner:class>
<celldesigner:proteinReference>p13</celldesigner:proteinReference>
<celldesigner:state>
<celldesigner:listOfModifications>
<celldesigner:modification residue="rs1" state="phosphorylated"/>
</celldesigner:listOfModifications>
</celldesigner:state>
</celldesigner:speciesIdentity>
</annotation>
</species>
<species id="s39" name="a49_degraded" compartment="c3" initialAmount="0">
<annotation>
<celldesigner:positionToCompartment>inside</celldesigner:positionToCompartment>
<celldesigner:speciesIdentity>
<celldesigner:class>DEGRADED</celldesigner:class>
<celldesigner:name>a49_degraded</celldesigner:name>
</celldesigner:speciesIdentity>
</annotation>
</species>
<species id="s41" name="Complex_br_(Cdc13/Cdc2/_br_Rum1)" compartment="c3" initialAmount="0">
<annotation>
<celldesigner:positionToCompartment>inside</celldesigner:positionToCompartment>
<celldesigner:speciesIdentity>
<celldesigner:class>COMPLEX</celldesigner:class>
<celldesigner:name>Complex_br_(Cdc13/Cdc2/_br_Rum1)</celldesigner:name>
</celldesigner:speciesIdentity>
</annotation>
</species>
<species id="s46" name="Complex_br_(Slp1/APC)" compartment="c3" initialAmount="0">
<annotation>
<celldesigner:positionToCompartment>inside</celldesigner:positionToCompartment>
<celldesigner:speciesIdentity>
<celldesigner:class>COMPLEX</celldesigner:class>
<celldesigner:name>Complex_br_(Slp1/APC)</celldesigner:name>
</celldesigner:speciesIdentity>
<celldesigner:listOfCatalyzedReactions>
<celldesigner:catalyzed reaction="re11"/>
</celldesigner:listOfCatalyzedReactions>
</annotation>
</species>
</listOfSpecies>
<listOfReactions>
<reaction id="re2" reversible="false">
<annotation>
<celldesigner:reactionType>STATE_TRANSITION</celldesigner:reactionType>
<celldesigner:baseReactants>
<celldesigner:baseReactant species="s16" alias="a25">
<celldesigner:linkAnchor position="NNW"/>
</celldesigner:baseReactant>
</celldesigner:baseReactants>
<celldesigner:baseProducts>
<celldesigner:baseProduct species="s17" alias="a26">
<celldesigner:linkAnchor position="SSE"/>
</celldesigner:baseProduct>
</celldesigner:baseProducts>
<celldesigner:connectScheme connectPolicy="direct">
<celldesigner:listOfLineDirection>
<celldesigner:lineDirection index="0" value="unknown"/>
<celldesigner:lineDirection index="1" value="unknown"/>
<celldesigner:lineDirection index="2" value="unknown"/>
</celldesigner:listOfLineDirection>
</celldesigner:connectScheme>
<celldesigner:editPoints>0.4219676811564126,-6.831278356047576E-4 0.7731953266713747,-0.008121012873383737</celldesigner:editPoints>
<celldesigner:line width="1.0" color="ff000000"/>
<celldesigner:listOfModification>
<celldesigner:modification type="CATALYSIS" modifiers="s3" aliases="a3" targetLineIndex="-1,1">
<celldesigner:connectScheme connectPolicy="direct">
<celldesigner:listOfLineDirection>
<celldesigner:lineDirection index="0" value="unknown"/>
</celldesigner:listOfLineDirection>
</celldesigner:connectScheme>
<celldesigner:linkTarget species="s3" alias="a3">
<celldesigner:linkAnchor position="E"/>
</celldesigner:linkTarget>
<celldesigner:line width="1.0" color="ff000000"/>
</celldesigner:modification>
</celldesigner:listOfModification>
</annotation>
<listOfReactants>
<speciesReference species="s16">
<annotation>
<celldesigner:alias>a25</celldesigner:alias>
</annotation>
</speciesReference>
</listOfReactants>
<listOfProducts>
<speciesReference species="s17">
<annotation>
<celldesigner:alias>a26</celldesigner:alias>
</annotation>
</speciesReference>
</listOfProducts>
<listOfModifiers>
<modifierSpeciesReference species="s3">
<annotation>
<celldesigner:alias>a3</celldesigner:alias>
</annotation>
</modifierSpeciesReference>
</listOfModifiers>
</reaction>
<reaction id="re3" reversible="false">
<annotation>
<celldesigner:reactionType>STATE_TRANSITION</celldesigner:reactionType>
<celldesigner:baseReactants>
<celldesigner:baseReactant species="s17" alias="a26">
<celldesigner:linkAnchor position="W"/>
</celldesigner:baseReactant>
</celldesigner:baseReactants>
<celldesigner:baseProducts>
<celldesigner:baseProduct species="s18" alias="a27">
<celldesigner:linkAnchor position="E"/>
</celldesigner:baseProduct>
</celldesigner:baseProducts>
<celldesigner:connectScheme connectPolicy="direct">
<celldesigner:listOfLineDirection>
<celldesigner:lineDirection index="0" value="unknown"/>
<celldesigner:lineDirection index="1" value="unknown"/>
<celldesigner:lineDirection index="2" value="unknown"/>
</celldesigner:listOfLineDirection>
</celldesigner:connectScheme>
<celldesigner:editPoints>0.32011352371406865,-0.0044280820098994145 0.6238839754517089,-0.002472762007360463</celldesigner:editPoints>
<celldesigner:line width="1.0" color="ff000000"/>
<celldesigner:listOfModification>
<celldesigner:modification type="CATALYSIS" modifiers="s3" aliases="a3" targetLineIndex="-1,1">
<celldesigner:connectScheme connectPolicy="direct">
<celldesigner:listOfLineDirection>
<celldesigner:lineDirection index="0" value="unknown"/>
</celldesigner:listOfLineDirection>
</celldesigner:connectScheme>
<celldesigner:linkTarget species="s3" alias="a3">
<celldesigner:linkAnchor position="N"/>
</celldesigner:linkTarget>
<celldesigner:line width="1.0" color="ff000000"/>
</celldesigner:modification>
</celldesigner:listOfModification>
</annotation>
<listOfReactants>
<speciesReference species="s17">
<annotation>
<celldesigner:alias>a26</celldesigner:alias>
</annotation>
</speciesReference>
</listOfReactants>
<listOfProducts>
<speciesReference species="s18">
<annotation>
<celldesigner:alias>a27</celldesigner:alias>
</annotation>
</speciesReference>
</listOfProducts>
<listOfModifiers>
<modifierSpeciesReference species="s3">
<annotation>
<celldesigner:alias>a3</celldesigner:alias>
</annotation>
</modifierSpeciesReference>
</listOfModifiers>
</reaction>
<reaction id="re4" reversible="false">
<annotation>
<celldesigner:reactionType>STATE_TRANSITION</celldesigner:reactionType>
<celldesigner:baseReactants>
<celldesigner:baseReactant species="s18" alias="a27">
<celldesigner:linkAnchor position="WSW"/>
</celldesigner:baseReactant>
</celldesigner:baseReactants>
<celldesigner:baseProducts>
<celldesigner:baseProduct species="s19" alias="a28">
<celldesigner:linkAnchor position="NE"/>
</celldesigner:baseProduct>
</celldesigner:baseProducts>
<celldesigner:connectScheme connectPolicy="direct">
<celldesigner:listOfLineDirection>
<celldesigner:lineDirection index="0" value="unknown"/>
</celldesigner:listOfLineDirection>
</celldesigner:connectScheme>
<celldesigner:line width="1.0" color="ff000000"/>
<celldesigner:listOfModification>
<celldesigner:modification type="CATALYSIS" modifiers="s5" aliases="a5" targetLineIndex="-1,0">
<celldesigner:connectScheme connectPolicy="direct">
<celldesigner:listOfLineDirection>
<celldesigner:lineDirection index="0" value="unknown"/>
</celldesigner:listOfLineDirection>
</celldesigner:connectScheme>
<celldesigner:linkTarget species="s5" alias="a5">
<celldesigner:linkAnchor position="SE"/>
</celldesigner:linkTarget>
<celldesigner:line width="1.0" color="ff000000"/>
</celldesigner:modification>
</celldesigner:listOfModification>
</annotation>
<listOfReactants>
<speciesReference species="s18">
<annotation>
<celldesigner:alias>a27</celldesigner:alias>
</annotation>
</speciesReference>
</listOfReactants>
<listOfProducts>
<speciesReference species="s19">
<annotation>
<celldesigner:alias>a28</celldesigner:alias>
</annotation>
</speciesReference>
</listOfProducts>
<listOfModifiers>
<modifierSpeciesReference species="s5">
<annotation>
<celldesigner:alias>a5</celldesigner:alias>
</annotation>
</modifierSpeciesReference>
</listOfModifiers>
</reaction>
<reaction id="re5" reversible="false">
<annotation>
<celldesigner:reactionType>STATE_TRANSITION</celldesigner:reactionType>
<celldesigner:baseReactants>
<celldesigner:baseReactant species="s19" alias="a28">
<celldesigner:linkAnchor position="S"/>
</celldesigner:baseReactant>
</celldesigner:baseReactants>
<celldesigner:baseProducts>
<celldesigner:baseProduct species="s20" alias="a29">
<celldesigner:linkAnchor position="N"/>
</celldesigner:baseProduct>
</celldesigner:baseProducts>
<celldesigner:connectScheme connectPolicy="direct">
<celldesigner:listOfLineDirection>
<celldesigner:lineDirection index="0" value="unknown"/>
</celldesigner:listOfLineDirection>
</celldesigner:connectScheme>
<celldesigner:line width="1.0" color="ff000000"/>
<celldesigner:listOfModification>
<celldesigner:modification type="CATALYSIS" modifiers="s26" aliases="a7" targetLineIndex="-1,0">
<celldesigner:connectScheme connectPolicy="direct">
<celldesigner:listOfLineDirection>
<celldesigner:lineDirection index="0" value="unknown"/>
</celldesigner:listOfLineDirection>
</celldesigner:connectScheme>
<celldesigner:linkTarget species="s26" alias="a7">
<celldesigner:linkAnchor position="E"/>
</celldesigner:linkTarget>
<celldesigner:line width="1.0" color="ff000000"/>
</celldesigner:modification>
</celldesigner:listOfModification>
</annotation>
<listOfReactants>
<speciesReference species="s19">
<annotation>
<celldesigner:alias>a28</celldesigner:alias>
</annotation>
</speciesReference>
</listOfReactants>
<listOfProducts>
<speciesReference species="s20">
<annotation>
<celldesigner:alias>a29</celldesigner:alias>
</annotation>
</speciesReference>
</listOfProducts>
<listOfModifiers>
<modifierSpeciesReference species="s26">
<annotation>
<celldesigner:alias>a7</celldesigner:alias>
</annotation>
</modifierSpeciesReference>
</listOfModifiers>
</reaction>
<reaction id="re6" reversible="false">
<annotation>
<celldesigner:reactionType>STATE_TRANSITION</celldesigner:reactionType>
<celldesigner:baseReactants>
<celldesigner:baseReactant species="s6" alias="a6">
<celldesigner:linkAnchor position="SE"/>
</celldesigner:baseReactant>
</celldesigner:baseReactants>
<celldesigner:baseProducts>
<celldesigner:baseProduct species="s14" alias="a23">
<celldesigner:linkAnchor position="W"/>
</celldesigner:baseProduct>
</celldesigner:baseProducts>
<celldesigner:connectScheme connectPolicy="direct">
<celldesigner:listOfLineDirection>
<celldesigner:lineDirection index="0" value="unknown"/>
<celldesigner:lineDirection index="1" value="unknown"/>
<celldesigner:lineDirection index="2" value="unknown"/>
</celldesigner:listOfLineDirection>
</celldesigner:connectScheme>
<celldesigner:editPoints>0.31746227901717305,4.943123273504213E-4 0.634919936693336,-1.759532799550101E-4</celldesigner:editPoints>
<celldesigner:line width="1.0" color="ff000000"/>
<celldesigner:listOfModification>
<celldesigner:modification type="CATALYSIS" modifiers="s20" aliases="a29" targetLineIndex="-1,1" editPoints="0.12525947369527457,0.23825504307743484">
<celldesigner:connectScheme connectPolicy="direct">
<celldesigner:listOfLineDirection>
<celldesigner:lineDirection index="0" value="unknown"/>
<celldesigner:lineDirection index="1" value="unknown"/>
</celldesigner:listOfLineDirection>
</celldesigner:connectScheme>
<celldesigner:linkTarget species="s20" alias="a29">
<celldesigner:linkAnchor position="WSW"/>
</celldesigner:linkTarget>
<celldesigner:line width="1.0" color="ff000000"/>
</celldesigner:modification>
</celldesigner:listOfModification>
</annotation>
<listOfReactants>
<speciesReference species="s6">
<annotation>
<celldesigner:alias>a6</celldesigner:alias>
</annotation>
</speciesReference>
</listOfReactants>
<listOfProducts>
<speciesReference species="s14">
<annotation>
<celldesigner:alias>a23</celldesigner:alias>
</annotation>
</speciesReference>
</listOfProducts>
<listOfModifiers>
<modifierSpeciesReference species="s20">
<annotation>
<celldesigner:alias>a29</celldesigner:alias>
</annotation>
</modifierSpeciesReference>
</listOfModifiers>
</reaction>
<reaction id="re7" reversible="false">
<annotation>
<celldesigner:reactionType>STATE_TRANSITION</celldesigner:reactionType>
<celldesigner:baseReactants>
<celldesigner:baseReactant species="s14" alias="a23">
<celldesigner:linkAnchor position="E"/>
</celldesigner:baseReactant>
</celldesigner:baseReactants>
<celldesigner:baseProducts>
<celldesigner:baseProduct species="s15" alias="a24">
<celldesigner:linkAnchor position="W"/>
</celldesigner:baseProduct>
</celldesigner:baseProducts>
<celldesigner:connectScheme connectPolicy="direct">
<celldesigner:listOfLineDirection>
<celldesigner:lineDirection index="0" value="unknown"/>
<celldesigner:lineDirection index="1" value="unknown"/>
<celldesigner:lineDirection index="2" value="unknown"/>
</celldesigner:listOfLineDirection>
</celldesigner:connectScheme>
<celldesigner:editPoints>0.3326071464025283,-2.7064188846459558E-5 0.667392853597437,2.7064188812042644E-5</celldesigner:editPoints>
<celldesigner:line width="1.0" color="ff000000"/>
</annotation>
<listOfReactants>
<speciesReference species="s14">
<annotation>
<celldesigner:alias>a23</celldesigner:alias>
</annotation>
</speciesReference>
</listOfReactants>
<listOfProducts>
<speciesReference species="s15">
<annotation>
<celldesigner:alias>a24</celldesigner:alias>
</annotation>
</speciesReference>
</listOfProducts>
</reaction>
<reaction id="re10" reversible="false">
<annotation>
<celldesigner:reactionType>STATE_TRANSITION</celldesigner:reactionType>
<celldesigner:baseReactants>
<celldesigner:baseReactant species="s13" alias="a32">
<celldesigner:linkAnchor position="E"/>
</celldesigner:baseReactant>
</celldesigner:baseReactants>
<celldesigner:baseProducts>
<celldesigner:baseProduct species="s1" alias="a10">
<celldesigner:linkAnchor position="W"/>
</celldesigner:baseProduct>
</celldesigner:baseProducts>
<celldesigner:connectScheme connectPolicy="direct">
<celldesigner:listOfLineDirection>
<celldesigner:lineDirection index="0" value="unknown"/>
<celldesigner:lineDirection index="1" value="unknown"/>
<celldesigner:lineDirection index="2" value="unknown"/>
</celldesigner:listOfLineDirection>
</celldesigner:connectScheme>
<celldesigner:editPoints>0.3292585505401071,-9.520111173593193E-4 0.6646228500933464,-0.0020806181172936533</celldesigner:editPoints>
<celldesigner:line width="1.0" color="ff000000"/>
</annotation>
<listOfReactants>
<speciesReference species="s13">
<annotation>
<celldesigner:alias>a32</celldesigner:alias>
</annotation>
</speciesReference>
</listOfReactants>
<listOfProducts>
<speciesReference species="s1">
<annotation>
<celldesigner:alias>a10</celldesigner:alias>
</annotation>
</speciesReference>
</listOfProducts>
</reaction>
<reaction id="re11" reversible="false">
<annotation>
<celldesigner:reactionType>DISSOCIATION</celldesigner:reactionType>
<celldesigner:baseReactants>
<celldesigner:baseReactant species="s20" alias="a29">
<celldesigner:linkAnchor position="ESE"/>
</celldesigner:baseReactant>
</celldesigner:baseReactants>
<celldesigner:baseProducts>
<celldesigner:baseProduct species="s31" alias="a16">
<celldesigner:linkAnchor position="W"/>
</celldesigner:baseProduct>
<celldesigner:baseProduct species="s13" alias="a32">
<celldesigner:linkAnchor position="W"/>
</celldesigner:baseProduct>
</celldesigner:baseProducts>
<celldesigner:connectScheme connectPolicy="direct">
<celldesigner:listOfLineDirection>
<celldesigner:lineDirection arm="0" index="0" value="unknown"/>
<celldesigner:lineDirection arm="0" index="1" value="unknown"/>
<celldesigner:lineDirection arm="0" index="2" value="unknown"/>
<celldesigner:lineDirection arm="1" index="0" value="unknown"/>
<celldesigner:lineDirection arm="2" index="0" value="unknown"/>
</celldesigner:listOfLineDirection>
</celldesigner:connectScheme>
<celldesigner:editPoints num0="2" num1="0" num2="0">0.20674565858341332,-0.06053804408551233 0.6464559409552839,-0.18929141497353097 0.47736150765227414,0.05667919385360065</celldesigner:editPoints>
<celldesigner:line width="1.0" color="ff000000"/>
<celldesigner:listOfModification>
<celldesigner:modification type="CATALYSIS" modifiers="s46" aliases="a44" targetLineIndex="0,1">
<celldesigner:connectScheme connectPolicy="direct">
<celldesigner:listOfLineDirection>
<celldesigner:lineDirection index="0" value="unknown"/>
</celldesigner:listOfLineDirection>
</celldesigner:connectScheme>
<celldesigner:linkTarget species="s46" alias="a44">
<celldesigner:linkAnchor position="N"/>
</celldesigner:linkTarget>
<celldesigner:line width="1.0" color="ff000000"/>
</celldesigner:modification>
</celldesigner:listOfModification>
</annotation>
<listOfReactants>
<speciesReference species="s20">
<annotation>
<celldesigner:alias>a29</celldesigner:alias>
</annotation>
</speciesReference>
</listOfReactants>
<listOfProducts>
<speciesReference species="s13">
<annotation>
<celldesigner:alias>a32</celldesigner:alias>
</annotation>
</speciesReference>
<speciesReference species="s31">
<annotation>
<celldesigner:alias>a16</celldesigner:alias>
</annotation>
</speciesReference>
</listOfProducts>
<listOfModifiers>
<modifierSpeciesReference species="s46">
<annotation>
<celldesigner:alias>a44</celldesigner:alias>
</annotation>
</modifierSpeciesReference>
</listOfModifiers>
</reaction>
<reaction id="re12" reversible="false">
<annotation>
<celldesigner:reactionType>STATE_TRANSITION</celldesigner:reactionType>
<celldesigner:baseReactants>
<celldesigner:baseReactant species="s31" alias="a16">
<celldesigner:linkAnchor position="E"/>
</celldesigner:baseReactant>
</celldesigner:baseReactants>
<celldesigner:baseProducts>
<celldesigner:baseProduct species="s22" alias="a34">
<celldesigner:linkAnchor position="W"/>
</celldesigner:baseProduct>
</celldesigner:baseProducts>
<celldesigner:connectScheme connectPolicy="direct">
<celldesigner:listOfLineDirection>
<celldesigner:lineDirection index="0" value="unknown"/>
</celldesigner:listOfLineDirection>
</celldesigner:connectScheme>
<celldesigner:line width="1.0" color="ff000000"/>
</annotation>
<listOfReactants>
<speciesReference species="s31">
<annotation>
<celldesigner:alias>a16</celldesigner:alias>
</annotation>
</speciesReference>
</listOfReactants>
<listOfProducts>
<speciesReference species="s22">
<annotation>
<celldesigner:alias>a34</celldesigner:alias>
</annotation>
</speciesReference>
</listOfProducts>
</reaction>
<reaction id="re14" reversible="false">
<annotation>
<celldesigner:reactionType>STATE_TRANSITION</celldesigner:reactionType>
<celldesigner:baseReactants>
<celldesigner:baseReactant species="s3" alias="a3">
<celldesigner:linkAnchor position="S"/>
</celldesigner:baseReactant>
</celldesigner:baseReactants>
<celldesigner:baseProducts>
<celldesigner:baseProduct species="s24" alias="a36">
<celldesigner:linkAnchor position="N"/>
</celldesigner:baseProduct>
</celldesigner:baseProducts>
<celldesigner:connectScheme connectPolicy="direct">
<celldesigner:listOfLineDirection>
<celldesigner:lineDirection index="0" value="unknown"/>
</celldesigner:listOfLineDirection>
</celldesigner:connectScheme>
<celldesigner:line width="1.0" color="ff000000"/>
<celldesigner:listOfModification>
<celldesigner:modification type="CATALYSIS" modifiers="s20" aliases="a29" targetLineIndex="-1,0" editPoints="0.62106697358722,-0.2904822711280961">
<celldesigner:connectScheme connectPolicy="direct">
<celldesigner:listOfLineDirection>
<celldesigner:lineDirection index="0" value="unknown"/>
<celldesigner:lineDirection index="1" value="unknown"/>
</celldesigner:listOfLineDirection>
</celldesigner:connectScheme>
<celldesigner:linkTarget species="s20" alias="a29">
<celldesigner:linkAnchor position="NNE"/>
</celldesigner:linkTarget>
<celldesigner:line width="1.0" color="ff000000"/>
</celldesigner:modification>
</celldesigner:listOfModification>
</annotation>
<listOfReactants>
<speciesReference species="s3">
<annotation>
<celldesigner:alias>a3</celldesigner:alias>
</annotation>
</speciesReference>
</listOfReactants>
<listOfProducts>
<speciesReference species="s24">
<annotation>
<celldesigner:alias>a36</celldesigner:alias>
</annotation>
</speciesReference>
</listOfProducts>
<listOfModifiers>
<modifierSpeciesReference species="s20">
<annotation>
<celldesigner:alias>a29</celldesigner:alias>
</annotation>
</modifierSpeciesReference>
</listOfModifiers>
</reaction>
<reaction id="re15" reversible="false">
<annotation>
<celldesigner:reactionType>STATE_TRANSITION</celldesigner:reactionType>
<celldesigner:baseReactants>
<celldesigner:baseReactant species="s7" alias="a38">
<celldesigner:linkAnchor position="ESE"/>
</celldesigner:baseReactant>
</celldesigner:baseReactants>
<celldesigner:baseProducts>
<celldesigner:baseProduct species="s26" alias="a7">
<celldesigner:linkAnchor position="WSW"/>
</celldesigner:baseProduct>
</celldesigner:baseProducts>
<celldesigner:connectScheme connectPolicy="direct">
<celldesigner:listOfLineDirection>
<celldesigner:lineDirection index="0" value="unknown"/>
<celldesigner:lineDirection index="1" value="unknown"/>
</celldesigner:listOfLineDirection>
</celldesigner:connectScheme>
<celldesigner:offset x="13.0" y="10.0"/>
<celldesigner:editPoints>0.2749072499652432,-0.1813714128051851</celldesigner:editPoints>
<celldesigner:line width="1.0" color="ff000000"/>
<celldesigner:listOfModification>
<celldesigner:modification type="CATALYSIS" modifiers="s20" aliases="a29" targetLineIndex="-1,0">
<celldesigner:connectScheme connectPolicy="direct">
<celldesigner:listOfLineDirection>
<celldesigner:lineDirection index="0" value="unknown"/>
</celldesigner:listOfLineDirection>
</celldesigner:connectScheme>
<celldesigner:linkTarget species="s20" alias="a29">
<celldesigner:linkAnchor position="WNW"/>
</celldesigner:linkTarget>
<celldesigner:line width="1.0" color="ff000000"/>
</celldesigner:modification>
<celldesigner:modification type="CATALYSIS" modifiers="s27" aliases="a39" targetLineIndex="-1,0">
<celldesigner:connectScheme connectPolicy="direct">
<celldesigner:listOfLineDirection>
<celldesigner:lineDirection index="0" value="unknown"/>
</celldesigner:listOfLineDirection>
</celldesigner:connectScheme>
<celldesigner:linkTarget species="s27" alias="a39">
<celldesigner:linkAnchor position="N"/>
</celldesigner:linkTarget>
<celldesigner:line width="1.0" color="ff000000"/>
</celldesigner:modification>
</celldesigner:listOfModification>
</annotation>
<listOfReactants>
<speciesReference species="s7">
<annotation>
<celldesigner:alias>a38</celldesigner:alias>
</annotation>
</speciesReference>
</listOfReactants>
<listOfProducts>
<speciesReference species="s26">
<annotation>
<celldesigner:alias>a7</celldesigner:alias>
</annotation>
</speciesReference>
</listOfProducts>
<listOfModifiers>
<modifierSpeciesReference species="s20">
<annotation>
<celldesigner:alias>a29</celldesigner:alias>
</annotation>
</modifierSpeciesReference>
<modifierSpeciesReference species="s27">
<annotation>
<celldesigner:alias>a39</celldesigner:alias>
</annotation>
</modifierSpeciesReference>
</listOfModifiers>
</reaction>
<reaction id="re16" reversible="false">
<annotation>
<celldesigner:reactionType>STATE_TRANSITION</celldesigner:reactionType>
<celldesigner:baseReactants>
<celldesigner:baseReactant species="s26" alias="a7">
<celldesigner:linkAnchor position="WNW"/>
</celldesigner:baseReactant>
</celldesigner:baseReactants>
<celldesigner:baseProducts>
<celldesigner:baseProduct species="s7" alias="a38">
<celldesigner:linkAnchor position="ENE"/>
</celldesigner:baseProduct>
</celldesigner:baseProducts>
<celldesigner:connectScheme connectPolicy="direct">
<celldesigner:listOfLineDirection>
<celldesigner:lineDirection index="0" value="unknown"/>
<celldesigner:lineDirection index="1" value="unknown"/>
</celldesigner:listOfLineDirection>
</celldesigner:connectScheme>
<celldesigner:offset x="-11.0" y="-2.0"/>
<celldesigner:editPoints>0.43752817881337647,-0.0360907610839174</celldesigner:editPoints>
<celldesigner:line width="1.0" color="ff000000"/>
<celldesigner:listOfModification>
<celldesigner:modification type="CATALYSIS" modifiers="s8" aliases="a8" targetLineIndex="-1,0">
<celldesigner:connectScheme connectPolicy="direct">
<celldesigner:listOfLineDirection>
<celldesigner:lineDirection index="0" value="unknown"/>
</celldesigner:listOfLineDirection>
</celldesigner:connectScheme>
<celldesigner:linkTarget species="s8" alias="a8">
<celldesigner:linkAnchor position="S"/>
</celldesigner:linkTarget>
<celldesigner:line width="1.0" color="ff000000"/>
</celldesigner:modification>
</celldesigner:listOfModification>
</annotation>
<listOfReactants>
<speciesReference species="s26">
<annotation>
<celldesigner:alias>a7</celldesigner:alias>
</annotation>
</speciesReference>
</listOfReactants>
<listOfProducts>
<speciesReference species="s7">
<annotation>
<celldesigner:alias>a38</celldesigner:alias>
</annotation>
</speciesReference>
</listOfProducts>
<listOfModifiers>
<modifierSpeciesReference species="s8">
<annotation>
<celldesigner:alias>a8</celldesigner:alias>
</annotation>
</modifierSpeciesReference>
</listOfModifiers>
</reaction>
<reaction id="re17" reversible="false">
<annotation>
<celldesigner:reactionType>HETERODIMER_ASSOCIATION</celldesigner:reactionType>
<celldesigner:baseReactants>
<celldesigner:baseReactant species="s1" alias="a10">
<celldesigner:linkAnchor position="N"/>
</celldesigner:baseReactant>
<celldesigner:baseReactant species="s2" alias="a40">
<celldesigner:linkAnchor position="N"/>
</celldesigner:baseReactant>
</celldesigner:baseReactants>
<celldesigner:baseProducts>
<celldesigner:baseProduct species="s16" alias="a25">
<celldesigner:linkAnchor position="S"/>
</celldesigner:baseProduct>
</celldesigner:baseProducts>
<celldesigner:connectScheme connectPolicy="direct">
<celldesigner:listOfLineDirection>
<celldesigner:lineDirection arm="0" index="0" value="unknown"/>
<celldesigner:lineDirection arm="1" index="0" value="unknown"/>
<celldesigner:lineDirection arm="2" index="0" value="unknown"/>
</celldesigner:listOfLineDirection>
</celldesigner:connectScheme>
<celldesigner:offset x="2.0" y="0.0"/>
<celldesigner:editPoints num0="0" num1="0" num2="0">0.2939861298258659,0.36742990367243333</celldesigner:editPoints>
<celldesigner:line width="1.0" color="ff000000"/>
</annotation>
<listOfReactants>
<speciesReference species="s1">
<annotation>
<celldesigner:alias>a10</celldesigner:alias>
</annotation>
</speciesReference>
<speciesReference species="s2">
<annotation>
<celldesigner:alias>a40</celldesigner:alias>
</annotation>
</speciesReference>
</listOfReactants>
<listOfProducts>
<speciesReference species="s16">
<annotation>
<celldesigner:alias>a25</celldesigner:alias>
</annotation>
</speciesReference>
</listOfProducts>
</reaction>
<reaction id="re18" reversible="false">
<annotation>
<celldesigner:reactionType>STATE_TRANSITION</celldesigner:reactionType>
<celldesigner:baseReactants>
<celldesigner:baseReactant species="s46" alias="a43">
<celldesigner:linkAnchor position="E"/>
</celldesigner:baseReactant>
</celldesigner:baseReactants>
<celldesigner:baseProducts>
<celldesigner:baseProduct species="s46" alias="a44">
<celldesigner:linkAnchor position="W"/>
</celldesigner:baseProduct>
</celldesigner:baseProducts>
<celldesigner:connectScheme connectPolicy="direct">
<celldesigner:listOfLineDirection>
<celldesigner:lineDirection index="0" value="unknown"/>
<celldesigner:lineDirection index="1" value="unknown"/>
</celldesigner:listOfLineDirection>
</celldesigner:connectScheme>
<celldesigner:editPoints>0.44274809160305306,-2.6645352591003757E-14</celldesigner:editPoints>
<celldesigner:line width="1.0" color="ff000000"/>
<celldesigner:listOfModification>
<celldesigner:modification type="CATALYSIS" modifiers="s20" aliases="a29" targetLineIndex="-1,0">
<celldesigner:connectScheme connectPolicy="direct">
<celldesigner:listOfLineDirection>
<celldesigner:lineDirection index="0" value="unknown"/>
</celldesigner:listOfLineDirection>
</celldesigner:connectScheme>
<celldesigner:linkTarget species="s20" alias="a29">
<celldesigner:linkAnchor position="S"/>
</celldesigner:linkTarget>
<celldesigner:line width="1.0" color="ff000000"/>
</celldesigner:modification>
</celldesigner:listOfModification>
</annotation>
<listOfReactants>
<speciesReference species="s46">
<annotation>
<celldesigner:alias>a43</celldesigner:alias>
</annotation>
</speciesReference>
</listOfReactants>
<listOfProducts>
<speciesReference species="s46">
<annotation>
<celldesigner:alias>a44</celldesigner:alias>
</annotation>
</speciesReference>
</listOfProducts>
<listOfModifiers>
<modifierSpeciesReference species="s20">
<annotation>
<celldesigner:alias>a29</celldesigner:alias>
</annotation>
</modifierSpeciesReference>
</listOfModifiers>
</reaction>
<reaction id="re20" reversible="false">
<annotation>
<celldesigner:reactionType>STATE_TRANSITION</celldesigner:reactionType>
<celldesigner:baseReactants>
<celldesigner:baseReactant species="s32" alias="a50">
<celldesigner:linkAnchor position="N"/>
</celldesigner:baseReactant>
</celldesigner:baseReactants>
<celldesigner:baseProducts>
<celldesigner:baseProduct species="s34" alias="a49">
<celldesigner:linkAnchor position="S"/>
</celldesigner:baseProduct>
</celldesigner:baseProducts>
<celldesigner:connectScheme connectPolicy="direct">
<celldesigner:listOfLineDirection>
<celldesigner:lineDirection index="0" value="unknown"/>
</celldesigner:listOfLineDirection>
</celldesigner:connectScheme>
<celldesigner:line width="1.0" color="ff000000"/>
<celldesigner:listOfModification>
<celldesigner:modification type="CATALYSIS" modifiers="s20" aliases="a29" targetLineIndex="-1,0" editPoints="0.4927793153012786,-0.23574088216695355">
<celldesigner:connectScheme connectPolicy="direct">
<celldesigner:listOfLineDirection>
<celldesigner:lineDirection index="0" value="unknown"/>
<celldesigner:lineDirection index="1" value="unknown"/>
</celldesigner:listOfLineDirection>
</celldesigner:connectScheme>
<celldesigner:linkTarget species="s20" alias="a29">
<celldesigner:linkAnchor position="NE"/>
</celldesigner:linkTarget>
<celldesigner:line width="1.0" color="ff000000"/>
</celldesigner:modification>
</celldesigner:listOfModification>
</annotation>
<listOfReactants>
<speciesReference species="s32">
<annotation>
<celldesigner:alias>a50</celldesigner:alias>
</annotation>
</speciesReference>
</listOfReactants>
<listOfProducts>
<speciesReference species="s34">
<annotation>
<celldesigner:alias>a49</celldesigner:alias>
</annotation>
</speciesReference>
</listOfProducts>
<listOfModifiers>
<modifierSpeciesReference species="s20">
<annotation>
<celldesigner:alias>a29</celldesigner:alias>
</annotation>
</modifierSpeciesReference>
</listOfModifiers>
</reaction>
<reaction id="re23" reversible="false">
<annotation>
<celldesigner:reactionType>STATE_TRANSITION</celldesigner:reactionType>
<celldesigner:baseReactants>
<celldesigner:baseReactant species="s34" alias="a49">
<celldesigner:linkAnchor position="N"/>
</celldesigner:baseReactant>
</celldesigner:baseReactants>
<celldesigner:baseProducts>
<celldesigner:baseProduct species="s39" alias="a65">
<celldesigner:linkAnchor position="S"/>
</celldesigner:baseProduct>
</celldesigner:baseProducts>
<celldesigner:connectScheme connectPolicy="direct">
<celldesigner:listOfLineDirection>
<celldesigner:lineDirection index="0" value="unknown"/>
</celldesigner:listOfLineDirection>
</celldesigner:connectScheme>
<celldesigner:line width="1.0" color="ff000000"/>
</annotation>
<listOfReactants>
<speciesReference species="s34">
<annotation>
<celldesigner:alias>a49</celldesigner:alias>
</annotation>
</speciesReference>
</listOfReactants>
<listOfProducts>
<speciesReference species="s39">
<annotation>
<celldesigner:alias>a65</celldesigner:alias>
</annotation>
</speciesReference>
</listOfProducts>
</reaction>
<reaction id="re24" reversible="false">
<annotation>
<celldesigner:reactionType>HETERODIMER_ASSOCIATION</celldesigner:reactionType>
<celldesigner:baseReactants>
<celldesigner:baseReactant species="s20" alias="a29">
<celldesigner:linkAnchor position="E"/>
</celldesigner:baseReactant>
<celldesigner:baseReactant species="s32" alias="a50">
<celldesigner:linkAnchor position="E"/>
</celldesigner:baseReactant>
</celldesigner:baseReactants>
<celldesigner:baseProducts>
<celldesigner:baseProduct species="s41" alias="a75">
<celldesigner:linkAnchor position="W"/>
</celldesigner:baseProduct>
</celldesigner:baseProducts>
<celldesigner:connectScheme connectPolicy="direct">
<celldesigner:listOfLineDirection>
<celldesigner:lineDirection arm="0" index="0" value="unknown"/>
<celldesigner:lineDirection arm="0" index="1" value="unknown"/>
<celldesigner:lineDirection arm="0" index="2" value="unknown"/>
<celldesigner:lineDirection arm="1" index="0" value="unknown"/>
<celldesigner:lineDirection arm="2" index="0" value="unknown"/>
</celldesigner:listOfLineDirection>
</celldesigner:connectScheme>
<celldesigner:editPoints num0="2" num1="0" num2="0">0.42854614997972096,-0.22303054230465102 0.6825674272343429,-0.1238895474176478 0.6111111111111107,0.3888888888888893</celldesigner:editPoints>
<celldesigner:line width="1.0" color="ff000000"/>
</annotation>
<listOfReactants>
<speciesReference species="s20">
<annotation>
<celldesigner:alias>a29</celldesigner:alias>
</annotation>
</speciesReference>
<speciesReference species="s32">
<annotation>
<celldesigner:alias>a50</celldesigner:alias>
</annotation>
</speciesReference>
</listOfReactants>
<listOfProducts>
<speciesReference species="s41">
<annotation>
<celldesigner:alias>a75</celldesigner:alias>
</annotation>
</speciesReference>
</listOfProducts>
</reaction>
</listOfReactions>
</model>
</sbml>
